ATP,Location,Tournament,Date,Series,Court,Surface,Round,Best of,Winner,Loser,WRank,LRank,WPts,LPts,W1,L1,W2,L2,W3,L3,W4,L4,W5,L5,Wsets,Lsets,Comment,B365W,B365L,PSW,PSL,MaxW,MaxL,AvgW,AvgL
36,London,Wimbledon,30/06/2025,Grand Slam,Outdoor,Grass,1st Round,5,Tarvet O.,Riedi L.,733,503,36,77,6,4,6,4,6,4,,,,,3,0,Completed,2.1,1.75,2.12,1.79,2.18,1.84,2.06,1.75
36,London,Wimbledon,30/06/2025,Grand Slam,Outdoor,Grass,1st Round,5,Lehecka J.,Dellien H.,25,79,1965,751,4,6,6,2,6,2,7,6,,,3,1,Completed,1.02,15,,,1.02,55,1.01,22.38
36,London,Wimbledon,30/06/2025,Grand Slam,Outdoor,Grass,1st Round,5,Thompson J.,Kopriva V.,44,78,1200,757,3,6,4,6,6,3,7,6,6,1,3,2,Completed,1.4,3,1.43,3.03,1.43,3.35,1.38,3.02
36,London,Wimbledon,30/06/2025,Grand Slam,Outdoor,Grass,1st Round,5,Mannarino A.,O Connell C.,123,77,477,775,6,2,6,4,6,3,,,,,3,0,Completed,1.36,2.9,1.43,3.03,1.45,3.15,1.4,2.93
36,London,Wimbledon,30/06/2025,Grand Slam,Outdoor,Grass,1st Round,5,Bellucci M.,Crawford O.,73,248,864,229,6,7,6,3,6,4,6,4,,,3,1,Completed,1.3,3.6,1.3,3.81,1.34,3.85,1.3,3.54
36,London,Wimbledon,30/06/2025,Grand Slam,Outdoor,Grass,1st Round,5,Bonzi B.,Medvedev D.,64,9,930,3420,7,6,3,6,7,6,6,2,,,3,1,Completed,8.5,1.07,9.03,1.09,12.5,1.09,8.56,1.07
36,London,Wimbledon,30/06/2025,Grand Slam,Outdoor,Grass,1st Round,5,Tien L.,Basavareddy N.,62,100,940,595,7,6,6,3,6,2,,,,,3,0,Completed,1.5,2.6,1.54,2.63,1.54,2.8,1.46,2.68
36,London,Wimbledon,30/06/2025,Grand Slam,Outdoor,Grass,1st Round,5,Tiafoe F.,Moller E.,12,117,2990,499,6,3,6,4,6,2,,,,,3,0,Completed,1.04,9,1.06,12.44,1.07,13.5,1.05,10.57
36,London,Wimbledon,30/06/2025,Grand Slam,Outdoor,Grass,1st Round,5,Norrie C.,Bautista Agut R.,61,42,952,1236,6,3,3,6,6,4,7,6,,,3,1,Completed,1.83,1.91,1.91,1.98,1.99,2,1.87,1.92
36,London,Wimbledon,30/06/2025,Grand Slam,Outdoor,Grass,1st Round,5,Fery A.,Popyrin A.,461,22,91,2140,6,4,6,1,4,6,6,4,,,3,1,Completed,4.33,1.22,4.45,1.24,4.5,1.28,4.02,1.24
36,London,Wimbledon,30/06/2025,Grand Slam,Outdoor,Grass,1st Round,5,Harris L.,Bergs Z.,320,50,159,1079,7,6,7,6,6,7,6,2,,,3,1,Completed,2.5,1.5,2.56,1.56,2.82,1.56,2.65,1.47
36,London,Wimbledon,30/06/2025,Grand Slam,Outdoor,Grass,1st Round,5,Jarry N.,Rune H.,143,8,418,3530,4,6,4,6,7,5,6,3,6,4,3,2,Completed,3.75,1.29,3.76,1.3,4,1.32,3.65,1.28
36,London,Wimbledon,30/06/2025,Grand Slam,Outdoor,Grass,1st Round,5,Royer V.,Tsitsipas S.,113,26,513,1920,6,3,6,2,,,,,,,2,0,Retired,4,1.25,4.13,1.27,4.3,1.29,3.88,1.25
36,London,Wimbledon,30/06/2025,Grand Slam,Outdoor,Grass,1st Round,5,Alcaraz C.,Fognini F.,2,138,9300,437,7,5,6,7,7,5,2,6,6,1,3,2,Completed,1.01,17,,,1.01,90,1.01,29.42
36,London,Wimbledon,30/06/2025,Grand Slam,Outdoor,Grass,1st Round,5,Darderi L.,Safiullin R.,59,75,989,831,7,6,1,6,6,7,6,3,6,1,3,2,Completed,3,1.4,3.07,1.42,3.2,1.43,2.94,1.39
36,London,Wimbledon,30/06/2025,Grand Slam,Outdoor,Grass,1st Round,5,Borges N.,Cerundolo F.,37,19,1400,2285,4,6,6,3,7,6,6,0,,,3,1,Completed,2.4,1.53,2.49,1.59,2.56,1.64,2.42,1.56
36,London,Wimbledon,30/06/2025,Grand Slam,Outdoor,Grass,1st Round,5,Auger-Aliassime F.,Duckworth J.,28,103,1825,566,6,2,3,6,6,7,6,4,6,4,3,2,Completed,1.18,4.5,1.2,5.06,1.21,5.5,1.19,4.65
36,London,Wimbledon,30/06/2025,Grand Slam,Outdoor,Grass,1st Round,5,Fonseca J.,Fearnley J.,54,51,1016,1060,6,4,6,1,7,6,,,,,3,0,Completed,1.5,2.63,1.49,2.79,1.53,2.86,1.47,2.67
36,London,Wimbledon,30/06/2025,Grand Slam,Outdoor,Grass,1st Round,5,Quinn E.,Searle H.,89,421,682,106,4,6,6,2,7,6,6,2,,,3,1,Completed,1.44,2.8,1.47,2.85,1.48,2.94,1.44,2.75
36,London,Wimbledon,30/06/2025,Grand Slam,Outdoor,Grass,1st Round,5,Harris B.,Lajovic D.,151,118,383,498,6,3,6,2,6,4,,,,,3,0,Completed,1.4,2.8,1.47,2.85,1.5,3,1.41,2.88
36,London,Wimbledon,30/06/2025,Grand Slam,Outdoor,Grass,1st Round,5,Khachanov K.,McDonald M.,20,88,2240,689,7,5,6,4,6,4,,,,,3,0,Completed,1.22,4.33,1.21,4.91,1.25,4.91,1.22,4.22
36,London,Wimbledon,30/06/2025,Grand Slam,Outdoor,Grass,1st Round,5,Garin C.,Rodesch C.,110,163,525,346,7,6,6,4,6,4,,,,,3,0,Completed,1.67,2.2,1.67,2.31,1.71,2.38,1.64,2.26
36,London,Wimbledon,30/06/2025,Grand Slam,Outdoor,Grass,1st Round,5,Rublev A.,Djere L.,14,60,2920,961,6,0,7,6,6,7,7,6,,,3,1,Completed,1.22,4,1.26,4.28,1.29,4.3,1.24,4.03
36,London,Wimbledon,30/06/2025,Grand Slam,Outdoor,Grass,1st Round,5,Struff J.L.,Misolic F.,125,111,475,518,6,2,5,7,6,3,6,3,,,3,1,Completed,1.67,2.25,1.65,2.36,1.68,2.4,1.62,2.28
36,London,Wimbledon,30/06/2025,Grand Slam,Outdoor,Grass,1st Round,5,Majchrzak K.,Berrettini M.,109,35,527,1515,4,6,6,2,6,4,5,7,6,3,3,2,Completed,6,1.13,7.18,1.13,7.2,1.16,6.14,1.12
36,London,Wimbledon,30/06/2025,Grand Slam,Outdoor,Grass,1st Round,5,Davidovich Fokina A.,Holt B.,27,99,1845,600,6,2,6,4,7,5,,,,,3,0,Completed,1.22,4.33,1.23,4.58,1.26,4.7,1.22,4.28
36,London,Wimbledon,30/06/2025,Grand Slam,Outdoor,Grass,1st Round,5,Brooksby J.,Griekspoor T.,101,29,577,1755,6,2,7,5,6,3,,,,,3,0,Completed,2.75,1.4,2.7,1.52,2.85,1.53,2.75,1.44
36,London,Wimbledon,30/06/2025,Grand Slam,Outdoor,Grass,1st Round,5,Diallo G.,Altmaier D.,40,57,1322,998,6,1,6,2,6,4,,,,,3,0,Completed,1.2,4.5,1.2,5.2,1.23,5.3,1.19,4.61
36,London,Wimbledon,01/07/2025,Grand Slam,Outdoor,Grass,1st Round,5,Vukic A.,Tseng C.H.,93,96,664,643,6,3,6,4,4,6,7,6,,,3,1,Completed,1.25,4,1.26,4.23,1.3,4.33,1.24,4.01
36,London,Wimbledon,01/07/2025,Grand Slam,Outdoor,Grass,1st Round,5,Marozsan F.,McCabe J.,58,181,990,308,6,1,6,4,6,3,,,,,3,0,Completed,1.44,2.8,1.46,2.91,1.49,2.96,1.44,2.76
36,London,Wimbledon,01/07/2025,Grand Slam,Outdoor,Grass,1st Round,5,Kecmanovic M.,Michelsen A.,49,32,1106,1670,6,2,3,6,6,3,3,6,7,6,3,2,Completed,2.8,1.44,2.84,1.48,3,1.48,2.75,1.44
36,London,Wimbledon,01/07/2025,Grand Slam,Outdoor,Grass,1st Round,5,Sonego L.,Faria J.,47,116,1171,503,6,3,6,4,6,2,,,,,3,0,Completed,1.3,3.6,1.29,3.9,1.32,4,1.3,3.56
36,London,Wimbledon,01/07/2025,Grand Slam,Outdoor,Grass,1st Round,5,Paul T.,Monday J.,13,224,2970,249,6,4,6,4,6,2,,,,,3,0,Completed,1.05,8.5,1.08,10.39,1.08,12,1.06,9.39
36,London,Wimbledon,01/07/2025,Grand Slam,Outdoor,Grass,1st Round,5,De Minaur A.,Carballes Baena R.,11,74,3085,849,6,2,6,2,7,6,,,,,3,0,Completed,1.01,13,,,1.02,38,1.01,19.92
36,London,Wimbledon,01/07/2025,Grand Slam,Outdoor,Grass,1st Round,5,Cazaux A.,Walton A.,115,90,505,678,6,3,7,6,4,6,6,7,6,1,3,2,Completed,1.53,2.5,1.56,2.59,1.6,2.63,1.51,2.54
36,London,Wimbledon,01/07/2025,Grand Slam,Outdoor,Grass,1st Round,5,Basilashvili N.,Musetti L.,126,7,474,4140,6,2,4,6,7,5,6,1,,,3,1,Completed,3.4,1.3,3.9,1.29,3.9,1.36,3.32,1.32
36,London,Wimbledon,01/07/2025,Grand Slam,Outdoor,Grass,1st Round,5,De Jong J.,Eubanks C.,106,130,548,454,6,3,6,7,6,7,6,3,7,6,3,2,Completed,1.75,2.1,1.67,2.33,1.8,2.34,1.71,2.13
36,London,Wimbledon,01/07/2025,Grand Slam,Outdoor,Grass,1st Round,5,Navone M.,Shapovalov D.,91,30,670,1676,3,6,6,4,6,1,6,4,,,3,1,Completed,6,1.13,6.24,1.15,6.6,1.17,5.96,1.13
36,London,Wimbledon,01/07/2025,Grand Slam,Outdoor,Grass,1st Round,5,Munar J.,Bublik A.,55,31,1012,1675,6,4,3,6,4,6,7,6,6,2,3,2,Completed,4.33,1.22,4.76,1.22,5.1,1.23,4.37,1.21
36,London,Wimbledon,01/07/2025,Grand Slam,Outdoor,Grass,1st Round,5,Sinner J.,Nardi L.,1,95,10430,655,6,4,6,3,6,0,,,,,3,0,Completed,1.01,13,,,1.02,65,1.01,22.92
36,London,Wimbledon,01/07/2025,Grand Slam,Outdoor,Grass,1st Round,5,Ofner S.,Medjedovic H.,165,68,343,896,7,6,3,1,,,,,,,1,0,Retired,2.5,1.53,2.65,1.53,2.74,1.56,2.51,1.53
36,London,Wimbledon,01/07/2025,Grand Slam,Outdoor,Grass,1st Round,5,Martinez P.,Loffhagen G.,52,293,1030,185,2,6,6,2,6,4,6,2,,,3,1,Completed,3.6,1.3,3.74,1.31,3.74,1.36,3.5,1.3
36,London,Wimbledon,01/07/2025,Grand Slam,Outdoor,Grass,1st Round,5,Van De Zandschulp B.,Arnaldi M.,92,43,670,1215,7,6,7,6,6,4,,,,,3,0,Completed,2.25,1.67,2.32,1.67,2.34,1.72,2.22,1.66
36,London,Wimbledon,01/07/2025,Grand Slam,Outdoor,Grass,1st Round,5,Mochizuki S.,Zeppieri G.,144,351,413,140,2,6,3,6,6,3,7,6,7,5,3,2,Completed,1.5,2.6,1.51,2.73,1.53,2.82,1.48,2.66
36,London,Wimbledon,01/07/2025,Grand Slam,Outdoor,Grass,1st Round,5,Evans D.,Clarke J.,154,196,375,283,6,1,7,5,6,2,,,,,3,0,Completed,1.18,5,1.19,5.22,1.22,5.3,1.19,4.76
36,London,Wimbledon,01/07/2025,Grand Slam,Outdoor,Grass,1st Round,5,Moutet C.,Comesana F.,69,65,894,914,6,4,6,4,6,2,,,,,3,0,Completed,1.45,2.8,1.51,2.75,1.56,2.8,1.47,2.66
36,London,Wimbledon,01/07/2025,Grand Slam,Outdoor,Grass,1st Round,5,Fritz T.,Mpetshi G.,5,36,4635,1411,6,7,6,7,6,4,7,6,6,4,3,2,Completed,1.15,5.5,1.18,5.56,1.18,6.2,1.15,5.32
36,London,Wimbledon,01/07/2025,Grand Slam,Outdoor,Grass,1st Round,5,Holmgren A.,Halys Q.,192,46,285,1174,7,6,6,3,6,4,,,,,3,0,Completed,5,1.17,5.64,1.17,5.7,1.2,5.24,1.16
36,London,Wimbledon,01/07/2025,Grand Slam,Outdoor,Grass,1st Round,5,Machac T.,Dzumhur D.,23,67,2110,900,6,3,6,2,6,4,,,,,3,0,Completed,1.2,4.5,1.22,4.82,1.24,5,1.19,4.73
36,London,Wimbledon,01/07/2025,Grand Slam,Outdoor,Grass,1st Round,5,Rinderknech A.,Zverev A.,72,3,873,6500,7,6,6,7,6,3,6,7,6,4,3,2,Completed,7.5,1.08,8.34,1.1,9.2,1.11,7.2,1.1
36,London,Wimbledon,01/07/2025,Grand Slam,Outdoor,Grass,1st Round,5,Cobolli F.,Zhukayev B.,24,247,2035,229,6,3,7,6,6,1,,,,,3,0,Completed,1.33,3.4,1.3,3.81,1.35,3.81,1.31,3.44
36,London,Wimbledon,01/07/2025,Grand Slam,Outdoor,Grass,1st Round,5,Mensik J.,Gaston H.,17,86,2356,693,6,1,4,6,6,2,6,2,,,3,1,Completed,1.07,8.5,1.08,10.35,1.1,10.5,1.07,8.63
36,London,Wimbledon,01/07/2025,Grand Slam,Outdoor,Grass,1st Round,5,Cilic M.,Collignon R.,83,85,722,705,6,3,6,4,6,3,,,,,3,0,Completed,1.08,7,1.09,9.03,1.12,9.03,1.08,7.66
36,London,Wimbledon,01/07/2025,Grand Slam,Outdoor,Grass,1st Round,5,Shelton B.,Bolt A.,10,179,3130,309,6,4,7,6,7,6,,,,,3,0,Completed,1.25,4,1.28,3.94,1.3,4.2,1.26,3.84
36,London,Wimbledon,01/07/2025,Grand Slam,Outdoor,Grass,1st Round,5,Opelka R.,Shevchenko A.,70,98,877,610,6,3,7,5,7,6,,,,,3,0,Completed,1.33,3.25,1.35,3.49,1.39,3.49,1.34,3.27
36,London,Wimbledon,01/07/2025,Grand Slam,Outdoor,Grass,1st Round,5,Monfils G.,Humbert U.,48,18,1165,2285,6,4,3,6,6,7,7,5,6,2,3,2,Completed,3.4,1.33,3.52,1.34,3.65,1.37,3.35,1.33
36,London,Wimbledon,01/07/2025,Grand Slam,Outdoor,Grass,1st Round,5,Fucsovics M.,Kovacevic A.,105,76,564,799,6,3,6,7,6,1,5,7,6,4,3,2,Completed,1.25,3.75,1.29,3.9,1.29,4.3,1.26,3.83
36,London,Wimbledon,01/07/2025,Grand Slam,Outdoor,Grass,1st Round,5,Dimitrov G.,Nishioka Y.,21,82,2155,724,6,2,6,3,6,4,,,,,3,0,Completed,1.18,5,1.21,4.94,1.21,5.7,1.18,4.94
36,London,Wimbledon,01/07/2025,Grand Slam,Outdoor,Grass,1st Round,5,Hijikata R.,Goffin D.,87,63,693,930,6,3,6,1,6,1,,,,,3,0,Completed,1.6,2.38,1.62,2.42,1.66,2.46,1.59,2.33
36,London,Wimbledon,01/07/2025,Grand Slam,Outdoor,Grass,1st Round,5,Pinnington Jones J.,Etcheverry T.,281,53,196,1025,7,6,6,3,7,5,,,,,3,0,Completed,2.75,1.45,2.77,1.5,2.84,1.53,2.66,1.47
36,London,Wimbledon,01/07/2025,Grand Slam,Outdoor,Grass,1st Round,5,Draper J.,Baez S.,4,38,4650,1370,6,2,6,2,2,1,,,,,2,0,Retired,1.02,15,,,1.02,36,1.01,20.67
36,London,Wimbledon,01/07/2025,Grand Slam,Outdoor,Grass,1st Round,5,Giron M.,Ugo Carabelli C.,45,56,1200,1006,7,6,7,6,6,3,,,,,3,0,Completed,1.06,9,1.08,10.42,1.09,13,1.06,9.73
36,London,Wimbledon,01/07/2025,Grand Slam,Outdoor,Grass,1st Round,5,Djokovic N.,Muller A.,6,41,4630,1311,6,1,6,7,6,2,6,2,,,3,1,Completed,1.02,15,1.03,24.43,1.03,34,1.02,18.3
36,London,Wimbledon,02/07/2025,Grand Slam,Outdoor,Grass,1st Round,5,Nakashima B.,Bu Y.,34,71,1650,874,6,4,4,6,7,6,6,4,,,3,1,Completed,1.13,6,1.15,6.44,1.18,6.5,1.13,5.96
36,London,Wimbledon,02/07/2025,Grand Slam,Outdoor,Grass,2nd Round,5,Norrie C.,Tiafoe F.,61,12,952,2990,4,6,6,4,6,3,7,5,,,3,1,Completed,2.5,1.53,2.59,1.57,2.66,1.59,2.48,1.54
36,London,Wimbledon,02/07/2025,Grand Slam,Outdoor,Grass,2nd Round,5,Fonseca J.,Brooksby J.,54,101,1016,577,6,4,5,7,6,2,6,4,,,3,1,Completed,1.44,2.8,1.45,3,1.49,3,1.45,2.76
36,London,Wimbledon,02/07/2025,Grand Slam,Outdoor,Grass,2nd Round,5,Mannarino A.,Royer V.,123,113,477,513,6,4,6,4,5,7,7,6,,,3,1,Completed,1.44,2.8,1.44,3.03,1.5,3.05,1.44,2.79
36,London,Wimbledon,02/07/2025,Grand Slam,Outdoor,Grass,2nd Round,5,Jarry N.,Tien L.,143,62,418,940,6,2,6,2,6,3,,,,,3,0,Completed,1.67,2.2,1.76,2.2,1.77,2.24,1.68,2.18
36,London,Wimbledon,02/07/2025,Grand Slam,Outdoor,Grass,2nd Round,5,Khachanov K.,Mochizuki S.,20,144,2240,413,1,6,7,6,4,6,6,3,6,4,3,2,Completed,1.14,5.5,1.14,6.76,1.16,7,1.13,5.81
36,London,Wimbledon,02/07/2025,Grand Slam,Outdoor,Grass,2nd Round,5,Rublev A.,Harris L.,14,320,2920,159,6,7,6,4,7,6,6,3,,,3,1,Completed,1.29,3.75,1.31,3.81,1.33,3.9,1.29,3.6
36,London,Wimbledon,02/07/2025,Grand Slam,Outdoor,Grass,2nd Round,5,Borges N.,Harris B.,37,151,1400,383,6,3,6,4,7,6,,,,,3,0,Completed,1.53,2.5,1.58,2.56,1.6,2.62,1.56,2.4
36,London,Wimbledon,02/07/2025,Grand Slam,Outdoor,Grass,2nd Round,5,Alcaraz C.,Tarvet O.,2,733,9300,36,6,1,6,4,6,4,,,,,3,0,Completed,1.01,12,,,1.03,34,1.01,19.33
36,London,Wimbledon,02/07/2025,Grand Slam,Outdoor,Grass,2nd Round,5,Thompson J.,Bonzi B.,44,64,1200,930,7,5,6,7,4,6,6,2,6,4,3,2,Completed,2.5,1.53,2.46,1.62,2.66,1.62,2.52,1.52
36,London,Wimbledon,02/07/2025,Grand Slam,Outdoor,Grass,2nd Round,5,Bellucci M.,Lehecka J.,73,25,864,1965,7,6,6,1,7,5,,,,,3,0,Completed,4.5,1.2,5.04,1.21,5.3,1.22,4.57,1.2
36,London,Wimbledon,02/07/2025,Grand Slam,Outdoor,Grass,2nd Round,5,Majchrzak K.,Quinn E.,109,89,527,682,6,1,6,4,6,3,,,,,3,0,Completed,2.2,1.62,2.26,1.72,2.3,1.75,2.16,1.69
36,London,Wimbledon,02/07/2025,Grand Slam,Outdoor,Grass,2nd Round,5,Fritz T.,Diallo G.,5,40,4635,1322,3,6,6,3,7,6,4,6,6,3,3,2,Completed,1.3,3.6,1.32,3.76,1.36,3.9,1.3,3.5
36,London,Wimbledon,03/07/2025,Grand Slam,Outdoor,Grass,2nd Round,5,Kecmanovic M.,De Jong J.,49,106,1106,548,1,6,6,3,6,2,6,4,,,3,1,Completed,1.4,3,1.41,3.17,1.45,3.2,1.39,2.99
36,London,Wimbledon,03/07/2025,Grand Slam,Outdoor,Grass,2nd Round,5,Mensik J.,Giron M.,17,45,2356,1200,6,4,3,6,6,4,7,6,,,3,1,Completed,1.53,2.5,1.59,2.53,1.59,2.7,1.52,2.51
36,London,Wimbledon,03/07/2025,Grand Slam,Outdoor,Grass,2nd Round,5,De Minaur A.,Cazaux A.,11,115,3085,505,4,6,6,2,6,4,6,0,,,3,1,Completed,1.08,8,1.1,8.61,1.1,10,1.08,7.7
36,London,Wimbledon,03/07/2025,Grand Slam,Outdoor,Grass,2nd Round,5,Cobolli F.,Pinnington Jones J.,24,281,2035,196,6,1,7,6,6,2,,,,,3,0,Completed,1.36,3.2,1.4,3.25,1.41,3.35,1.38,3.06
36,London,Wimbledon,03/07/2025,Grand Slam,Outdoor,Grass,2nd Round,5,Dimitrov G.,Moutet C.,21,69,2155,894,7,5,4,6,7,5,7,5,,,3,1,Completed,1.6,2.38,1.66,2.38,1.69,2.42,1.58,2.36
36,London,Wimbledon,03/07/2025,Grand Slam,Outdoor,Grass,2nd Round,5,Davidovich Fokina A.,Van De Zandschulp B.,27,92,1845,670,6,1,4,6,6,3,7,6,,,3,1,Completed,1.3,3.6,1.33,3.66,1.34,3.8,1.3,3.53
36,London,Wimbledon,03/07/2025,Grand Slam,Outdoor,Grass,2nd Round,5,Munar J.,Marozsan F.,55,58,1012,990,6,2,6,3,7,6,,,,,3,0,Completed,1.8,2,1.76,2.2,1.8,2.22,1.72,2.11
36,London,Wimbledon,03/07/2025,Grand Slam,Outdoor,Grass,2nd Round,5,Struff J.L.,Auger-Aliassime F.,125,28,475,1825,3,6,7,6,6,3,6,4,,,3,1,Completed,3.25,1.33,3.38,1.37,3.5,1.38,3.14,1.36
36,London,Wimbledon,03/07/2025,Grand Slam,Outdoor,Grass,2nd Round,5,Rinderknech A.,Garin C.,72,110,873,525,3,6,6,3,7,6,4,6,6,3,3,2,Completed,1.67,2.25,1.75,2.21,1.75,2.34,1.65,2.24
36,London,Wimbledon,03/07/2025,Grand Slam,Outdoor,Grass,2nd Round,5,Djokovic N.,Evans D.,6,154,4630,375,6,3,6,2,6,0,,,,,3,0,Completed,1.06,9,1.06,13.92,1.06,16,1.05,10.96
36,London,Wimbledon,03/07/2025,Grand Slam,Outdoor,Grass,2nd Round,5,Darderi L.,Fery A.,59,461,989,91,6,4,6,3,6,3,,,,,3,0,Completed,2.1,1.7,2.13,1.81,2.22,1.81,2.09,1.73
36,London,Wimbledon,03/07/2025,Grand Slam,Outdoor,Grass,2nd Round,5,Holmgren A.,Machac T.,192,23,285,2110,7,6,6,7,6,7,7,5,7,6,3,2,Completed,5.5,1.15,6.76,1.14,6.8,1.17,5.63,1.14
36,London,Wimbledon,03/07/2025,Grand Slam,Outdoor,Grass,2nd Round,5,Martinez P.,Navone M.,52,91,1030,670,7,5,7,5,7,6,,,,,3,0,Completed,2.63,1.5,2.71,1.53,2.78,1.56,2.61,1.5
36,London,Wimbledon,03/07/2025,Grand Slam,Outdoor,Grass,2nd Round,5,Nakashima B.,Opelka R.,34,70,1650,877,7,5,6,2,6,7,6,3,,,3,1,Completed,1.4,3,1.42,3.14,1.45,3.15,1.42,2.89
36,London,Wimbledon,03/07/2025,Grand Slam,Outdoor,Grass,2nd Round,5,Ofner S.,Paul T.,165,13,343,2970,1,6,7,5,6,4,7,5,,,3,1,Completed,5.5,1.15,6.3,1.16,6.4,1.17,5.42,1.15
36,London,Wimbledon,03/07/2025,Grand Slam,Outdoor,Grass,2nd Round,5,Cilic M.,Draper J.,83,4,722,4650,6,4,6,3,1,6,6,4,,,3,1,Completed,6.5,1.12,7.4,1.13,8.4,1.13,6.55,1.11
36,London,Wimbledon,03/07/2025,Grand Slam,Outdoor,Grass,2nd Round,5,Sonego L.,Basilashvili N.,47,126,1171,474,6,1,6,3,6,7,7,6,,,3,1,Completed,1.44,2.8,1.45,3,1.48,3,1.44,2.76
36,London,Wimbledon,03/07/2025,Grand Slam,Outdoor,Grass,2nd Round,5,Sinner J.,Vukic A.,1,93,10430,664,6,1,6,1,6,3,,,,,3,0,Completed,1.01,17,,,1.02,46,1.01,21.54
36,London,Wimbledon,04/07/2025,Grand Slam,Outdoor,Grass,2nd Round,5,Fucsovics M.,Monfils G.,105,48,564,1165,6,4,1,6,4,6,7,6,6,4,3,2,Completed,1.9,1.91,1.94,1.96,1.95,2.04,1.89,1.89
36,London,Wimbledon,04/07/2025,Grand Slam,Outdoor,Grass,2nd Round,5,Shelton B.,Hijikata R.,10,87,3130,693,6,2,7,5,6,4,,,,,3,0,Completed,1.22,4.33,1.26,4.37,1.26,4.8,1.22,4.29
36,London,Wimbledon,04/07/2025,Grand Slam,Outdoor,Grass,3rd Round,5,Fritz T.,Davidovich Fokina A.,5,27,4635,1845,6,4,6,3,6,7,6,1,,,3,1,Completed,1.25,3.75,1.3,3.92,1.34,3.92,1.28,3.66
36,London,Wimbledon,04/07/2025,Grand Slam,Outdoor,Grass,3rd Round,5,Rublev A.,Mannarino A.,14,123,2920,477,7,5,6,2,6,3,,,,,3,0,Completed,1.25,3.75,1.3,3.96,1.31,4.1,1.27,3.77
36,London,Wimbledon,04/07/2025,Grand Slam,Outdoor,Grass,3rd Round,5,Norrie C.,Bellucci M.,61,73,952,864,7,6,6,4,6,3,,,,,3,0,Completed,1.57,2.3,1.6,2.5,1.63,2.56,1.56,2.41
36,London,Wimbledon,04/07/2025,Grand Slam,Outdoor,Grass,3rd Round,5,Thompson J.,Darderi L.,44,59,1200,989,6,4,6,4,3,6,6,3,,,3,1,Completed,1.67,2.1,1.79,2.15,1.82,2.2,1.71,2.11
36,London,Wimbledon,04/07/2025,Grand Slam,Outdoor,Grass,3rd Round,5,Majchrzak K.,Rinderknech A.,109,72,527,873,6,3,7,6,7,6,,,,,3,0,Completed,1.91,1.9,2.07,1.85,2.1,1.9,2,1.8
36,London,Wimbledon,04/07/2025,Grand Slam,Outdoor,Grass,3rd Round,5,Jarry N.,Fonseca J.,143,54,418,1016,6,3,6,4,3,6,7,6,,,3,1,Completed,2.9,1.4,3.05,1.43,3.05,1.48,2.81,1.42
36,London,Wimbledon,04/07/2025,Grand Slam,Outdoor,Grass,3rd Round,5,Khachanov K.,Borges N.,20,37,2240,1400,7,6,4,6,4,6,6,3,7,6,3,2,Completed,1.4,3,1.44,3.03,1.48,3.05,1.41,2.89
36,London,Wimbledon,04/07/2025,Grand Slam,Outdoor,Grass,3rd Round,5,Alcaraz C.,Struff J.L.,2,125,9300,475,6,1,3,6,6,3,6,4,,,3,1,Completed,1.04,11,1.05,15.53,1.05,18,1.03,12.61
36,London,Wimbledon,05/07/2025,Grand Slam,Outdoor,Grass,3rd Round,5,Cobolli F.,Mensik J.,24,17,2035,2356,6,2,6,4,6,2,,,,,3,0,Completed,2.5,1.53,2.67,1.54,2.7,1.58,2.53,1.51
36,London,Wimbledon,05/07/2025,Grand Slam,Outdoor,Grass,3rd Round,5,Sinner J.,Martinez P.,1,52,10430,1030,6,1,6,3,6,1,,,,,3,0,Completed,1.01,19,1.01,41.19,1.01,75,1.01,28.17
36,London,Wimbledon,05/07/2025,Grand Slam,Outdoor,Grass,3rd Round,5,Dimitrov G.,Ofner S.,21,165,2155,343,6,3,6,4,7,6,,,,,3,0,Completed,1.29,3.75,1.31,3.83,1.33,3.9,1.29,3.63
36,London,Wimbledon,05/07/2025,Grand Slam,Outdoor,Grass,3rd Round,5,Sonego L.,Nakashima B.,47,34,1171,1650,6,7,7,6,7,6,3,6,7,6,3,2,Completed,2.6,1.5,2.74,1.52,2.78,1.55,2.57,1.5
36,London,Wimbledon,05/07/2025,Grand Slam,Outdoor,Grass,3rd Round,5,De Minaur A.,Holmgren A.,11,192,3085,285,6,4,7,6,6,3,,,,,3,0,Completed,1.06,8,1.08,10.76,1.08,12,1.06,9.13
36,London,Wimbledon,05/07/2025,Grand Slam,Outdoor,Grass,3rd Round,5,Cilic M.,Munar J.,83,55,722,1012,6,3,3,6,6,2,6,4,,,3,1,Completed,1.53,2.5,1.58,2.55,1.61,2.62,1.54,2.46
36,London,Wimbledon,05/07/2025,Grand Slam,Outdoor,Grass,3rd Round,5,Shelton B.,Fucsovics M.,10,105,3130,564,6,3,7,6,6,2,,,,,3,0,Completed,1.3,3.6,1.32,3.77,1.33,4,1.29,3.6
36,London,Wimbledon,05/07/2025,Grand Slam,Outdoor,Grass,3rd Round,3,Djokovic N.,Kecmanovic M.,6,49,4630,1106,6,3,6,0,6,4,,,,,3,0,Completed,1.04,9.5,1.05,15.38,1.05,19.5,1.03,13.67
36,London,Wimbledon,06/07/2025,Grand Slam,Outdoor,Grass,4th Round,5,Khachanov K.,Majchrzak K.,20,109,2240,527,6,4,6,2,6,3,,,,,3,0,Completed,1.36,3.2,1.38,3.36,1.4,3.4,1.35,3.19
36,London,Wimbledon,06/07/2025,Grand Slam,Outdoor,Grass,4th Round,5,Fritz T.,Thompson J.,5,44,4635,1200,6,1,3,0,,,,,,,1,0,Retired,1.14,5.5,1.15,6.36,1.16,6.8,1.14,5.64
36,London,Wimbledon,06/07/2025,Grand Slam,Outdoor,Grass,4th Round,5,Norrie C.,Jarry N.,61,143,952,418,6,3,7,6,6,7,6,7,6,3,3,2,Completed,1.83,1.91,1.87,2.04,2.1,2.08,1.84,1.96
36,London,Wimbledon,06/07/2025,Grand Slam,Outdoor,Grass,4th Round,5,Alcaraz C.,Rublev A.,2,14,9300,2920,6,7,6,3,6,4,6,4,,,3,1,Completed,1.08,7,1.1,8.57,1.11,9.4,1.09,7.5
36,London,Wimbledon,07/07/2025,Grand Slam,Outdoor,Grass,4th Round,5,Cobolli F.,Cilic M.,24,83,2035,722,6,4,6,4,6,7,7,6,,,3,1,Completed,1.83,2,1.88,2.03,1.89,2.1,1.79,2.01
36,London,Wimbledon,07/07/2025,Grand Slam,Outdoor,Grass,4th Round,5,Djokovic N.,De Minaur A.,6,11,4630,3085,1,6,6,4,6,4,6,4,,,3,1,Completed,1.17,5,1.2,5.22,1.2,5.9,1.17,5.04
36,London,Wimbledon,07/07/2025,Grand Slam,Outdoor,Grass,4th Round,5,Shelton B.,Sonego L.,10,47,3130,1171,3,6,6,1,7,6,7,5,,,3,1,Completed,1.29,3.75,1.32,3.76,1.32,4.3,1.27,3.76
36,London,Wimbledon,07/07/2025,Grand Slam,Outdoor,Grass,4th Round,5,Sinner J.,Dimitrov G.,1,21,10430,2155,3,6,5,7,2,2,,,,,0,2,Retired,1.03,13,1.03,18.06,1.05,18.06,1.03,13.83
36,London,Wimbledon,08/07/2025,Grand Slam,Outdoor,Grass,Quarterfinals,5,Fritz T.,Khachanov K.,5,20,4635,2240,6,3,6,4,1,6,7,6,,,3,1,Completed,1.29,3.75,1.29,4.06,1.31,4.2,1.27,3.76
36,London,Wimbledon,08/07/2025,Grand Slam,Outdoor,Grass,Quarterfinals,5,Alcaraz C.,Norrie C.,2,61,9300,952,6,2,6,3,6,3,,,,,3,0,Completed,1.06,9,1.07,10.89,1.07,13.5,1.05,9.96
36,London,Wimbledon,09/07/2025,Grand Slam,Outdoor,Grass,Quarterfinals,5,Sinner J.,Shelton B.,1,10,10430,3130,7,6,6,4,6,4,,,,,3,0,Completed,1.25,3.6,1.32,3.6,1.34,3.9,1.29,3.58
36,London,Wimbledon,09/07/2025,Grand Slam,Outdoor,Grass,Quarterfinals,5,Djokovic N.,Cobolli F.,6,24,4630,2035,6,7,6,2,7,5,6,4,,,3,1,Completed,1.1,7,1.11,8.33,1.12,8.6,1.09,7.53
36,London,Wimbledon,11/07/2025,Grand Slam,Outdoor,Grass,Semifinals,5,Alcaraz C.,Fritz T.,2,5,9300,4635,6,4,5,7,6,3,7,6,,,3,1,Completed,1.17,4.75,1.2,5.13,1.24,5.25,1.17,4.98
36,London,Wimbledon,11/07/2025,Grand Slam,Outdoor,Grass,Semifinals,5,Sinner J.,Djokovic N.,1,6,10430,4630,6,3,6,3,6,4,,,,,3,0,Completed,1.4,2.8,1.47,2.93,1.47,3.05,1.42,2.85
36,London,Wimbledon,13/07/2025,Grand Slam,Outdoor,Grass,The Final,5,Sinner J.,Alcaraz C.,1,2,10430,9300,4,6,6,4,6,4,6,4,,,3,1,Completed,1.83,2,1.85,2.07,1.87,2.07,1.82,1.98
